id,model,intro,effect,negotiation,feedback,conclusion,total,comment
1,claude-3-5-sonnet-20240620,10,30,30,20,10,100,"Excellent essay that demonstrates a comprehensive understanding of interpersonal dynamics in professional settings. The introduction effectively outlines the significance and sets the scope. Your personal anecdotes and case study analyses in the Effective Communication and Negotiation sections are particularly strong, showing practical application of concepts. The Feedback Insights section is thoughtful and provides actionable guidelines. Your conclusion ties everything together well. To further improve, consider expanding on how these skills might evolve in future work environments or emerging industries. Overall, a very well-structured and insightful essay."
2,claude-3-5-sonnet-20240620,10,30,30,20,10,100,"Excellent work! Your essay demonstrates a deep understanding of teamwork dynamics and effectively covers all required elements. The introduction is engaging and sets up the essay's purpose well. Your discussion on effective communication is thorough, with strong examples and personal anecdotes. The negotiation and conflict resolution section shows insightful application of curiosity-based approaches. Your feedback insights are well-articulated with a relevant personal experience. The conclusion ties everything together nicely. To further improve, consider adding more specific research-based strategies in each section to complement your personal examples."
3,claude-3-5-sonnet-20240620,10,30,30,20,10,100,"Exceptional essay that demonstrates a deep understanding of interpersonal dynamics in professional settings. Your personal anecdotes from CS 147 and CS 206 effectively illustrate both successful and challenging team experiences, providing valuable insights. The analysis of communication skills, particularly the five skills from Ann Kowal Smith, shows thoughtful reflection. Your discussion on negotiation and conflict resolution is well-supported with a relevant example from your game design course. The section on feedback is comprehensive, incorporating academic sources and personal growth. To further improve, consider expanding on how you plan to implement these insights in future professional settings. Overall, an outstanding reflection that balances theory, personal experience, and future applications."
4,claude-3-5-sonnet-20240620,9,28,27,18,8,90,"Your essay demonstrates a solid understanding of interpersonal dynamics in professional environments. The introduction effectively outlines the significance and scope of the topic. Your discussion on effective communication is well-structured with relevant examples and research. The negotiation and conflict resolution section provides valuable strategies, though it could benefit from a more personal example of successful negotiation. Your insights on feedback are thoughtful, but could be enhanced by elaborating on how you're changing for the future based on past feedback. The conclusion summarizes key points well, but could reflect more deeply on the overarching importance of mastering these skills. To improve, consider adding more personal anecdotes throughout and expanding on how you've applied these principles in your own experiences. Overall, a strong essay with room for more personal reflection and application."
5,claude-3-5-sonnet-20240620,10,30,30,20,10,100,"Excellent essay that thoroughly addresses all criteria. Your introduction is engaging and clearly outlines the significance of interpersonal dynamics in professional environments. Your discussion on effective communication is particularly strong, with a well-connected personal anecdote and clear examples of both effective and ineffective methods. The negotiation and conflict resolution section demonstrates multiple strategies with a compelling personal example. Your insights on feedback are thoughtful and well-explained. The conclusion effectively summarizes key points and reflects on the importance of mastering interpersonal dynamics. To further improve, consider expanding on how these skills specifically apply to Human Centered Product Management. Overall, a very well-written and insightful essay!"
6,claude-3-5-sonnet-20240620,10,30,30,20,10,100,"Excellent essay that demonstrates a deep understanding of interpersonal dynamics in professional settings. Your introduction is engaging, using a personal anecdote to set up the topic effectively. Your discussion on effective communication is thorough, incorporating relevant theories and a case study. The section on negotiation and conflict resolution showcases your practical experience with interest-based bargaining. Your insights on feedback mechanisms, particularly the use of non-violent communication, are well-explained and supported with a personal example. The conclusion ties everything together nicely. To improve further, consider expanding on how these strategies might be adapted for different cultural contexts or remote work environments."
7,claude-3-5-sonnet-20240620,10,30,30,20,10,100,"Excellent essay that demonstrates a deep understanding of interpersonal dynamics in professional settings. Your introduction is engaging and effectively outlines the significance of the topic. The discussion on effective communication is comprehensive, with strong examples and personal insights. Your analysis of negotiation and conflict resolution is particularly impressive, offering multiple strategies backed by case studies. The section on feedback insights shows a nuanced understanding of the complexities involved. Your conclusion ties everything together nicely, reflecting on the overarching importance of mastering interpersonal dynamics. To further improve, consider incorporating more diverse sources to broaden your perspective. Overall, an outstanding piece of work!"
9,claude-3-5-sonnet-20240620,9,28,27,18,9,91,"Your essay demonstrates a strong understanding of interpersonal dynamics in professional settings. The introduction effectively outlines the significance of collaboration and interpersonal dynamics. Your personal anecdotes, particularly from CS 147, provide valuable insights into effective communication. The negotiation section could be strengthened by elaborating more on personal experiences with conflict resolution. While your discussion on feedback is comprehensive, consider deepening your reflection on how you've applied these insights. The conclusion succinctly ties together the main points, but could benefit from a stronger emphasis on the overarching importance of mastering interpersonal dynamics for professional success. Overall, a well-structured and insightful essay with room for minor improvements in personal application of concepts."
10,claude-3-5-sonnet-20240620,9,28,27,18,9,91,"Your essay demonstrates a strong understanding of interpersonal dynamics in professional environments. The introduction effectively outlines the significance and scope of the topic. Your discussion on effective communication is well-structured and includes personal anecdotes and research. For negotiation and conflict resolution, you provide multiple strategies and principles, which is excellent. However, to reach the full 30 points, consider including more personal examples of how these principles have helped you. Your feedback insights section is solid, but could be enhanced by more reflection on how you're changing for the future. The conclusion effectively summarizes key points. To improve, focus on tightening your writing in some sections and providing more concrete personal examples throughout."
11,claude-3-5-sonnet-20240620,10,30,30,20,10,100,"Exceptional essay that demonstrates a deep understanding of interpersonal dynamics in professional settings. Your introduction effectively outlines the significance of the topic and sets a clear purpose. The communication section is particularly strong, with relevant personal anecdotes and research-backed insights. Your discussion on conflict resolution is thoughtful and practical. The feedback section shows mature self-reflection and a growth mindset. Your conclusion ties everything together nicely. To improve further, consider exploring more diverse scenarios or cultural perspectives in future essays. Overall, an outstanding piece of work!"
12,claude-3-5-sonnet-20240620,10,30,30,20,10,100,"Excellent essay that thoroughly addresses all aspects of interpersonal dynamics in professional environments. Your introduction is engaging and sets the stage well. You've provided strong personal anecdotes and research to support your points on effective communication, including insightful reflections on your group's successes and areas for improvement. Your discussion of negotiation strategies is well-developed, with a great real-world example. The feedback section is comprehensive and practical. Your conclusion ties everything together nicely. To further improve, you might consider tightening your focus in some areas to allow for even deeper analysis of key points. Overall, this is a very strong piece of work."
13,claude-3-5-sonnet-20240620,10,29,29,19,10,97,"Excellent essay that demonstrates a deep understanding of interpersonal dynamics in professional settings. Your personal anecdotes from sports and internships effectively illustrate key points. The introduction is engaging and sets up the essay well. Your discussion on effective communication is particularly strong, with insightful reflections on honesty and its importance in team settings. For negotiation and conflict resolution, your perspective on competition is interesting, though you could have expanded on how to implement this positively. Your feedback section shows good self-awareness. To improve, consider providing more specific examples of how you've applied these principles in recent professional settings. Overall, a very well-structured and thoughtful essay."
14,claude-3-5-sonnet-20240620,9,28,27,18,9,91,"Your essay demonstrates a strong understanding of interpersonal dynamics in professional settings. The introduction effectively outlines the PARC framework and its relevance to workplace dynamics. Your personal anecdotes about communication styles and adapting to different work environments are insightful. The discussion on negotiation and conflict resolution, especially the SDG example, is well-developed. To improve, consider providing more specific examples of ineffective communication methods. Additionally, while your conclusion is strong, it could benefit from a deeper reflection on the overarching importance of mastering these skills for professional success. Overall, an excellent essay that shows both theoretical knowledge and practical application."
15,claude-3-5-sonnet-20240620,10,30,30,20,10,100,"Excellent essay that thoroughly covers all aspects of interpersonal dynamics in professional settings. Your introduction engagingly outlines the significance of the topic and sets a clear purpose. The effective communication section is particularly strong, with a relevant personal anecdote and well-connected research. Your discussion on negotiation and conflict resolution is comprehensive, showcasing multiple strategies and principles with thoughtful examples. The feedback insights section is insightful and practical. Your conclusion effectively summarizes key points and reflects on the overarching importance of mastering interpersonal dynamics. To further improve, consider tightening your prose in some sections to allow for even more depth in your analysis. Overall, an outstanding piece of work!"
16,claude-3-5-sonnet-20240620,10,30,30,20,10,100,"Excellent work! Your essay demonstrates a comprehensive understanding of interpersonal dynamics in professional settings. The introduction is engaging and clearly outlines the significance of the topic. Your discussion on effective communication is particularly strong, with well-chosen examples and a balanced view of both effective and ineffective methods. The negotiation and conflict resolution section showcases multiple strategies with relevant case studies. Your insights on feedback are thoughtful and practical. The conclusion ties everything together nicely. To further improve, consider adding more personal anecdotes to illustrate how you've applied these concepts in your own experiences. Overall, a very well-structured and insightful essay."
17,claude-3-5-sonnet-20240620,10,30,30,20,10,100,"Excellent essay that demonstrates a deep understanding of interpersonal dynamics in professional settings. Your introduction effectively outlines the significance and sets the scope. The discussion on effective communication is particularly strong, with a personal anecdote that illustrates self-awareness and growth. Your approach to conflict resolution is insightful, drawing on relevant sources. The feedback section shows a mature understanding of the challenges and strategies for improvement. Your conclusion ties everything together nicely. To further enhance your work, consider exploring more diverse examples or scenarios to illustrate your points. Overall, a very well-structured and thoughtful essay."
18,claude-3-5-sonnet-20240620,9,28,27,18,9,91,"Your essay demonstrates a strong understanding of interpersonal dynamics in professional environments. The introduction effectively outlines the significance of the topic and sets the stage for the essay. Your personal anecdotes and examples in the Effective Communication section are particularly insightful, showing how you applied concepts in real situations. For Negotiation and Conflict Resolution, you provide a thorough analysis of strategies, though you could strengthen this section by including more personal examples of how you've applied these principles. The Feedback Insights section is well-structured, but could benefit from more specific guidelines on giving or receiving feedback. Your conclusion effectively summarizes key points and reflects on their importance. To improve, consider providing more concrete personal examples throughout and expanding on specific feedback techniques you've found effective."
19,claude-3-5-sonnet-20240620,9,28,27,18,8,90,"Your essay demonstrates a strong understanding of interpersonal dynamics in professional settings. The introduction effectively uses the Yahoo example to highlight the importance of the topic. Your discussion on communication, feedback, and conflict resolution is well-researched and includes relevant personal experiences and case studies. To improve, consider tightening your conclusion to more concisely summarize key insights. Also, while your examples are strong, try to be more explicit in connecting them back to the main points. Overall, excellent work in applying course concepts to real-world scenarios."
20,claude-3-5-sonnet-20240620,9,28,27,18,9,91,"Your essay demonstrates a solid understanding of interpersonal dynamics in professional environments. The introduction effectively outlines the significance and sets the scope. Your discussion on effective communication is well-structured with relevant examples. The negotiation section shows good research and personal reflection. For improvement, consider deepening your analysis of feedback insights with more specific examples of how you've applied feedback. In the conclusion, you've summarized key points well, but could further reflect on the overarching importance of these skills for professional success. Overall, a strong essay with room for minor enhancements in depth and personal application."
21,claude-3-5-sonnet-20240620,10,30,30,20,10,100,"Excellent work! Your essay demonstrates a deep understanding of interpersonal dynamics in professional environments. The introduction is engaging and sets a clear purpose. Your personal anecdotes from the GoodWalk project and internships effectively illustrate communication strategies and feedback implementation. The negotiation section shows a strong grasp of principles with practical examples. Your conclusion ties everything together nicely, reflecting on the overarching importance of these skills. To further improve, consider exploring more diverse scenarios or challenges in interpersonal dynamics. Overall, this is a comprehensive and well-structured essay that meets all criteria at the highest level."
22,claude-3-5-sonnet-20240620,10,30,30,20,10,100,"Excellent essay! Your introduction is engaging and clearly outlines the significance of interpersonal dynamics. Your personal anecdotes in the Effective Communication and Feedback Insights sections are particularly strong, demonstrating real-world application of these concepts. The Negotiation and Conflict Resolution section effectively combines personal experience with a relevant case study. Your conclusion ties everything together well. To further improve, consider expanding on how these skills might apply in your future career. Overall, a very well-structured and insightful essay."
24,claude-3-5-sonnet-20240620,10,30,30,20,10,100,"Excellent essay that demonstrates a deep understanding of interpersonal dynamics in professional settings. Your introduction effectively sets the stage with a compelling scenario. The sections on effective communication, negotiation, and feedback are well-researched and include relevant examples and personal insights. Your conclusion ties everything together nicely. To further improve, consider delving deeper into how these skills might be applied in different cultural contexts or challenging workplace scenarios. Overall, an outstanding piece of work that shows critical thinking and application of course concepts."
25,claude-3-5-sonnet-20240620,9,28,27,18,9,91,"Your essay demonstrates a strong understanding of interpersonal dynamics in professional environments. The introduction effectively outlines the significance of the topic and sets the scope. Your discussion on effective communication is well-supported with personal anecdotes and class examples. The negotiation and conflict resolution section provides a good analysis of the case study, though it could benefit from more discussion on multiple strategies. Your insights on feedback are thoughtful, but could be enhanced by more personal reflection on how you've changed your approach. The conclusion nicely summarizes key points. To improve, consider expanding on multiple negotiation strategies and delving deeper into how feedback has affected your personal growth. Overall, an excellent effort that shows clear engagement with the course material."
26,claude-3-5-sonnet-20240620,10,30,30,20,10,100,"This is an exceptional essay that demonstrates a deep understanding of interpersonal dynamics in professional environments. The introduction is engaging and clearly outlines the essay's scope. Your discussion on effective communication is particularly strong, with well-integrated research and a relevant personal example from your CS 177 team. The negotiation and conflict resolution section shows insightful analysis, especially with the 'shared axioms' concept. Your feedback insights section thoughtfully balances honesty and empathy. The conclusion effectively summarizes key points and reflects on their overarching importance. To improve further, consider exploring potential limitations or challenges in implementing these strategies in diverse workplace settings."
27,claude-3-5-sonnet-20240620,10,29,29,19,10,97,"Excellent essay that demonstrates a deep understanding of interpersonal dynamics in professional settings. Your introduction is engaging and clearly outlines the essay's purpose. The communication section is well-developed with relevant examples and insights. Your conflict resolution strategies are thoughtful and grounded in personal experience. The feedback section shows good reflection on its importance. Your conclusion effectively ties everything together. To improve, consider including more specific research or data to support your arguments, particularly in the communication section. Overall, a very strong essay that effectively argues for the importance of interpersonal skills in professional success."
28,claude-3-5-sonnet-20240620,9,28,27,18,9,91,"Your essay demonstrates a strong understanding of interpersonal dynamics in professional settings. Your introduction effectively outlines the significance of teamwork and sets the scope for the essay. Your discussion on effective communication is well-developed, incorporating personal anecdotes from your FitPulse team experience. The negotiation and conflict resolution section provides a good example, but could benefit from exploring multiple strategies. Your insights on feedback are thoughtful, though you could elaborate more on how you're changing for the future based on received feedback. The conclusion summarizes key points well. To improve, consider including more specific examples of ineffective communication methods and expand on how you plan to apply these insights in future professional settings."
29,claude-3-5-sonnet-20240620,10,30,30,20,10,100,"Excellent essay that thoroughly covers all required aspects with depth and personal insights. Your introduction is engaging and clearly outlines the significance of interpersonal dynamics. Your sections on effective communication and negotiation/conflict resolution are particularly strong, incorporating relevant research, personal anecdotes, and practical strategies. The feedback insights section demonstrates deep reflection and a clear understanding of its importance. Your conclusion ties everything together nicely. To further improve, consider incorporating more specific examples from your coursework or professional experiences to illustrate key points even more vividly. Overall, outstanding work!"
30,claude-3-5-sonnet-20240620,10,30,30,18,10,98,"Excellent essay that thoroughly explores interpersonal dynamics in professional environments. Your introduction is engaging and clearly outlines the significance of the topic. The section on effective communication is particularly strong, with a personal anecdote that illustrates the importance of active listening. Your discussion on negotiation and conflict resolution strategies is well-researched and practical. For the feedback insights section, consider expanding on specific techniques for giving and receiving feedback effectively. Overall, a very well-written and insightful essay that demonstrates a deep understanding of the subject matter."
